"text","label","notes","source_thread_type","pre_labeled","proposed_label","review_flag"
"Last time the hawks had decent spacing trae averaged 29/10 on good efficieny and scored the most points and had the most assists in the entire league. (Then was rewarded with 3rd fucking team all-nba but I'll save that rant for another time)","stat_backed","","stat_search","accepted","stat_backed",""
"Kyrie has played in more than 70 games in 3 seasons of his 14 year career, the last time being 9 seasons ago. He averages less than 70% of games played per season over the course of his career.","stat_backed","","stat_search","accepted","stat_backed",""
"He must be. He's 39 and has been in the NBA since 2009. He's averaged 10pts/game for one season in 2019/20 where he shot 38% from the field. He hasn't had a positive VORP since that season. He must be the world's best locker room guy.","stat_backed","sarcastic framing but every number is load-bearing","stat_search","accepted","stat_backed",""
"Ignore it all you want, they averaged like 2-3 more fouls than the entire NBA in the playoffs this year. Physical as all hell, I think Nesmith himself averaged 4 fouls a game! Like if you don't like teams that foul relentlessly, why do you like the Pacers?","stat_backed","","stat_search","accepted","stat_backed",""
"Bates averaged 10/3/1 shooting .386/329/.646","stat_backed","","stat_search","accepted","stat_backed",""
"Garbage time stats in a 2 OT game that didn't matter. Last game of season and Cavs sat all their regular players. He was a -22 in an 8 point loss playing 42 minutes. He only played in 10 games all season as a two way player averaging 7 mins and 3 points.","stat_backed","","stat_search","accepted","stat_backed",""
"9/10 games? This is just bullshit lies. He had 5 3s in 27% of his games last year. There were 18 players who averaged over 3.0 3s per game last year, and of those he had the 11th most efficient season. He definitely had a down season last year, but he averaged of 23 ppg on 53 eFG%. If you are doing that you are not a dead body.","stat_backed","","stat_search","accepted","stat_backed",""
"Amen who averaged 14 points on 27% 3pt shooting is a top 15-20 player in the NBA? I swear some fans are smoking some good shit.","stat_backed","HARD: mocking tone reads hot_take, but delete the numbers and the objection collapses -> load-bearing","stat_search","accepted","stat_backed",""
"Brown is paid 60 million a year to average 22 points and shoot 32 percent from 3","stat_backed","","stat_search","accepted","stat_backed",""
"Kobe literally averaged a 30 piece the first 3 games of that series.","stat_backed","","stat_search","accepted","stat_backed",""
"2019 finals..m curry averaged almost 31... how did that work out for him? He more than showed up","stat_backed","","stat_search","accepted","stat_backed",""
"He averaged 21 a game last year and he averaged 21 a game in golden state and the year they won the ship he averages 17 a game in the playoffs. What's not to believe? He's literally done it at the highest level.","stat_backed","","stat_search","accepted","stat_backed",""
"Uh Sengun did not disappear and Amen averaged 20/8 the last four games. So yeah idk what you're talking about, with the current roster the rockets can be a 60 win team and are even better defensively than last year","stat_backed","","stat_search","accepted","stat_backed",""
"He's a 6th man who averages 17.9 minutes a game in the regular season (17.5 in the postseason). Sure, he's an awesome spark plug who had a lot of great impactful moments during this run (and last year too). But even under previous CBA regimes you probably don't want to be paying a 6 foot guard who doesn't even play that much of the game that much more money. That's bad roster construction and cap management.","stat_backed","","stat_search","accepted","stat_backed",""
"It wasn't 14% of his colleagues is the point. It was 14% of the 20% of players who responded to the poll. And it was a multiple choice question, not a write-in.","stat_backed","","take_search","accepted","stat_backed",""
"Some facts about the Celtics title run. Porzingis played in only 7 of 20 playoff games. Averaged only 23.6 mpg. Boston defeated Miami 4W-1L in the first round. Do people seriously think Celtics would've lost this series without KP? Porzingis did not play in the 2nd round. Porzingis did not play in the conference finals. Maybe the Celtics would've lost one, maybe two games without Porzingis. But it's ludicrous to believe that the Celtics would've gone from 4W-1L to 3W-4L without him.","stat_backed","","stat_search","accepted","stat_backed",""
"This is an idiotic take. The Celtics might've taken 6 games to beat Dallas instead of 5 without Porzingis. Not hating on Porzingis, he helped them dominate the regular season and deserved the ring. But this man was able to start just 4 of their 19 playoff games (played in 7) and only played in 2 of their Finals games. He averaged 12 and 4 (1.6 BPG) in 23MPG across 7 2024 playoff games. His playoff averages for the Celtics in 2 seasons was 9.5/4.6/0.9 with a 50.7 TS% at 22 MPG across 18 playoff games.","stat_backed","opens with 'idiotic take' but the body is entirely numbers","stat_search","accepted","stat_backed",""
"It's wild to say this because all we know is Jabari didn't kill it yet in the nba but we do know that ace Bailey is 18 years old with talent worth even being considered for a top 5 pick in a good draft. He's been a top recruit out of high school and averaged 19 a game in college as a versatile bucket getter.","stat_backed","","stat_search","accepted","stat_backed",""
"For me, it's Harden. No question. In 2018, he led a 65-win team without a single other All-Star. That's literally never been done before. That same team took the KD Warriors to 7. He's the only player ever with a triple-double at every level: 10, 20, 30, 40, 50, and 60 points. Had back-to-back seasons averaging 34+ PPG and 7.5+ assists. Not MJ. Not Kobe. Not LeBron. Just Harden.","stat_backed","","stat_search","accepted","stat_backed",""
"okay so based on the study that you yourself linked, the majority of people stay the same height, 46% grow on average less than an inch. So again, if Ace Bailey is 6'7.5 right now, saying it is probable that he grows to 6'9 or even 6'10 is not at all likely, just admit you're making shit up, lmao","stat_backed","","stat_search","accepted","stat_backed",""
"I really like Rasheer Fleming as a mid round pick. 6'9"" with a 7'5"" wingspan. Great defensive player who can guard 1-5. And can also stretch the floor on offense shooting 39% from 3.","stat_backed","","stat_search","accepted","stat_backed",""
"Yeah and Scottie is paid 40m to shoot 27% from 3","stat_backed","","stat_search","accepted","stat_backed",""
"Yea it's called hyperbole to convey a point. Just like your stats aren't accurate either as Mccollum didn't average 23ppg last year. The point is, he is old, slow, doesn't defend and only shoots and when his shots aren't falling he is a dead body.","stat_backed","","stat_search","accepted","stat_backed",""
"He's 21 years of age. Made the All Defense 1st team with high IQ, good vision, shot selection, etc. If he shoots 32% from three while continuing to attack the basket and continue hitting mid range shots I'm taking him over a lot of players gladly","stat_backed","","stat_search","accepted","stat_backed",""
"The Thunder drafted KD, Harden and Westbrook and Serge Ibaka in 3 consecutive drafts. Then traded for Shai. Low key they have had the most MVPs play on their team since idk when. Whens the last time a franchise had 4 different MVPs on their team in 12 years","stat_backed","","finals_g1_live","accepted","stat_backed",""
"You mean MVP, 2x scoring champ, 7x All-Star, 5x All-NBA, and 3x All-Defense Joel Embiid? Deandre Jordan's resume looks exactly like a role player who had a couple good years.","stat_backed","","finals_g1_live","accepted","stat_backed",""
"Bigger picture for him is that he turned 280million into 4+billion at time of sale. All else is secondary to him in regards to the Mavs.","stat_backed","","finals_g1_live","accepted","stat_backed",""
"It's not the same conversation but if you consider drafting any player back-to-back some of the options that come up include Tatum/Doncic, Jokic/Giannis, AD/Kawhi, PG/Steph, CP3/Dwight or LeBron/Dwight and Parker/Ming. AD/Kawhi would've been a filthy combination of talent from 2014 to 2023 (both finished top-10 in MVP voting and top-4 in DPOY voting in '14-15)","stat_backed","","finals_g1_live","accepted","stat_backed",""
"Are you trying to say LeBron caused covid?? Lakers were also 52-19 before the bubble. Also how was LeBron ""dead in the water"" when he was injured?","stat_backed","","playoffs_general","accepted","stat_backed",""
"Is his rebounding that bad? He averaged 7 boards per game in 21 MPG.","stat_backed","","finals_g7_aftermath","accepted","stat_backed",""
"Jeremy Grant, Covington, TJ McConnell, and Embiid were pretty good hits. He only had 3 off-seasons and he accumulated a bunch of future picks and pick swaps too. They had #3 in 2017 because he got them a pick swap with Kings (Tatum picked with this pick), and he traded MCW at his peak for what later became Lakers #10 in 2018 (Mikal Bridges picked with this pick).","stat_backed","","finals_g7_aftermath","accepted","stat_backed",""
"Last year was his third-best shooting year of his career.","stat_backed","HARD: no raw number, but a specific checkable rank. Counted as load-bearing","finals_g7_aftermath","accepted","stat_backed",""
"Out of the 90 or so that responded. That's a decent percentage when you consider there are 450 players to choose as ""most overrated"".","stat_backed","","take_search","accepted","stat_backed",""
"He objectively scored above average because based on the stats of the series, an average shot from either team was less efficient. If you didn't know that scoring efficiency decreases with volume, that's a staple fact of the basketball community. Someone scoring a tiny bit more efficiently on significantly lower volume is both expected and unimpressive.","stat_backed","","stat_search","accepted","stat_backed",""
"Well thats cool and all but he has 3 3peats. I bet most folks 35 or older remember the 3peat repeat shirts everywhere.","stat_backed","","finals_g1_live","accepted","stat_backed",""
"Caitlin is awesome but this is why Lowe is the goat, he can mesh easy to digest narratives, history, and league context with on-court analysis and do it 3-4 hours a week","consensus_take","","playoffs_general","accepted","consensus_take",""
"Say what ya want about Silver, but has done a lot to improve the product and at least tries like the tournaments cup and play in. Granted there is some things that could be such as less ads at the end of games, gamblings, blackouts. Things can only get better with expansion near in a few years.","consensus_take","","playoffs_general","accepted","consensus_take",""
"Fox was a negative asset at the time due to salary and Tyrese got an all star all nba player back. Everyone new Tyrese was better but fox ain't getting you Sabonis and getting rid of Buddy","consensus_take","","playoffs_general","accepted","consensus_take",""
"There's nothing more pointless than the pregame panel screaming predictions over each other...ugh","consensus_take","","finals_g1_live","accepted","consensus_take",""
"Production still leaves so much to be desired. This doesn't feel like the finals at all.","consensus_take","","finals_g1_live","accepted","consensus_take",""
"I think it's unlikely Mavericks are moved, but Howard Schulz (former sonics owner) specifically, and repeatedly, said he would sell the team only to a new owner who wouldn't move the team. That turned out to be Clay Bennett, who repeatedly said he wouldn't move the team. Again, I think it's unlikely the Mavericks move, but there is precedence.","consensus_take","","finals_g1_live","accepted","consensus_take",""
"He had a career destroying back injury that keeps getting reaggravated. Why does everyone act like he doesn't play because he just doesn't want to.","consensus_take","","finals_g1_live","accepted","consensus_take",""
"Did not make any sense to adjust to your opponent before game 1 even started. Tbh I don't think I've ever seen that in the finals","consensus_take","","finals_g1_live","accepted","consensus_take",""
"God I hope the TNT guys get to ESPN, this commentary is ass.","consensus_take","r/NBA orthodoxy: TNT crew over ESPN","finals_g1_live","accepted","consensus_take",""
"We still doing the underestimate the pacers thing? They've been one of the best teams in the league since January","consensus_take","HARD: 'since January' sounds like a stat but contains no number -> stress test case #1","finals_g1_live","accepted","consensus_take",""
"OKC went through this with the Denver series and that heartbreaking last minute 1st game loss. I think that series prepared them well for the Finals, I got OKC winning tonight","consensus_take","","finals_g1_live","accepted","consensus_take",""
"SAS is bad for sports, bad for ESPN, and bad for America.","consensus_take","hyperbolic but this is settled r/NBA opinion, not a contrarian one","finals_g1_live","accepted","consensus_take",""
"Cavs actually stole OKC's defensive game plan against the warriors since it worked very well, so there wasn't much difference in basketball strategy, but the Cavs were a lot more physical with Curry. Listen dude, watch Curry before and after his injury. The eye test shows he wasn't as quick. Which is exactly what you'd expect from someone recovering from an MCL","consensus_take","explicitly appeals to eye test rather than numbers","playoffs_general","accepted","consensus_take",""
"I disagree entirely, everyone was fangirling out over the Spurs dismantling the Heatles. There was article after article written about how awesome it was to watch them play, and they were a huge inspiration for the offense we saw the Warriors perfect. The Pacers are dripping with aura right now and also play team basketball, too.","consensus_take","","playoffs_general","accepted","consensus_take",""
"I hear ya but by record they are literally the greatest","consensus_take","","playoffs_general","accepted","consensus_take",""
"Ben Wallace pistons and the bad boy pistons gotta be in the top ten somewhere","consensus_take","","playoffs_general","accepted","consensus_take",""
"This is EXACTLY what I've been telling ppl who criticize SGA. i thought WE ALL hated the 3pt contest games and wanted more ball like we had in the early 2000s to up to Curry dominating with his shot. SGA is clearly that. He drives to the rim, WHICH IS WHERE ALL THE CONTACT is. Also if yall mad at SGA falling on the floor, then yall would've HATED Allen Iverson who STAYED on the floor from getting fouled while driving to the rim.","consensus_take","","playoffs_general","accepted","consensus_take",""
"The blazers should compete to make the playoffs this year, Simons was overrated and redundant for them, and Holiday means their defense is elite now, and gives a point guard to get the ball to all their young scorers. Obviously this only works if holiday doesn't throw a fit but he strikes me as a professional.","consensus_take","","take_search","accepted","consensus_take",""
"That shit talking on the internet was never said? These fools would say anything 82-0 team was overrated. Cmon man, there wasn't a betting line in the entire country that didn't have the Thunder as the overwhelming favorites.","consensus_take","","take_search","accepted","consensus_take",""
"That's pretty much every fan base. People didn't believe in OKC this season after last season's disaster, of course I will be obnoxious too if I were them. And Pacers fan will eventually become obnoxious too shoving 'overrated' comment every chance you got. That's just the perks of being a fan of a champion.","consensus_take","","take_search","accepted","consensus_take",""
"I think people overrate the appeal of expiring contracts, especially with most teams operating over the cap. So, for instance, letting CJ expire doesn't actually clear cap space for them to do anything - it just becomes one less player on the Pelicans roster. So why not use that cap space on an actual player?","consensus_take","","take_search","accepted","consensus_take",""
"It's happened so many times on Reddit it seems like it's an inevitable outcome. Shit, it happens outside of circlejerk subs too. See the post that had a graphic showing SGA with a 70% blow by percentage on defense. Way too many people just assumed it was true and used it as a talking point.","consensus_take","","take_search","accepted","consensus_take",""
"Yeah and it's definitely not exclusive to Thunder fans. Every fanbase is like this. Every time Halliburton does something ""I thought he was overrated?"" Every time Tatum does something ""thats my auraless king"" on and on","consensus_take","","take_search","accepted","consensus_take",""
"A 22 year old that is regularly online sees more than just Vegas man lol you're acting like these guys don't see or receive hate telling them they're overrated or fraudulent.","consensus_take","","take_search","accepted","consensus_take",""
"I think the worst it ever got all season was game 1 against the wolves in the first few minutes, it just confirmed every bias and narrative. Jokic did the same thing in the opening quarter of game 7 and no one gave a shit. When the narrative is strong and then you finally live up to the narrative one time it doesn't matter anymore.","consensus_take","","finals_g7_aftermath","accepted","consensus_take",""
"I wonder how much of it has to do with their sneakers being low tops. I know they tape their ankles, but it's ironic how Kobe tore his when he switched to lows for the first time. Hali, Tatum, Murray, and Lillard all have low to mids.","consensus_take","","finals_g7_aftermath","accepted","consensus_take",""
"And you think thats getting better how? The team is built around two very injury prone players, one of which wont be back till Jan at the minimum. We also have one of the worst medical staffs in the league as well. This extension also means they are committing to AD at the 4, which is a losing strategy.","consensus_take","","finals_g7_aftermath","accepted","consensus_take",""
"You were right, it was a risk. I think Hali insisted so it's hard to know if the med staff should be blamed.","consensus_take","","finals_g7_aftermath","accepted","consensus_take",""
"this means practically nothing. Everyone knows that's how you tear your achilles because that's how everyone moves to generate power and load the calf muscle for plantar flexion and explosion.","consensus_take","","finals_g7_aftermath","accepted","consensus_take",""
"Doesn't need to be a leader. Ime and Fred will take care of that. He just needs to put the ball in the basket and give some rim protection.","consensus_take","","finals_g7_aftermath","accepted","consensus_take",""
"Cavs would have needed to shed okoro and wades salary in a separate move before garland for Durant would even be a possibility, so they may have looked into it, but I doubt this was ever seriously on the table","consensus_take","","finals_g7_aftermath","accepted","consensus_take",""
"Because Utah brought him in for workouts twice which means they are definitely considering him at 5 (or I suppose as a trade down target)","consensus_take","","finals_g7_aftermath","accepted","consensus_take",""
"He's actually a pretty solid player. His defense is as advertised and he had his best year offensively as he had big jump on finishing and shooting. Could definitely play 30 minutes a game on a contender","consensus_take","","stat_search","accepted","consensus_take",""
"How can people look at the roster and think it's a 5th seed? They lost a bunch of defense and shooting in a month. Play-in at best. Magic, Knicks, Cavs, Hawks, Pistons and Pacers will all be better.","consensus_take","","stat_search","accepted","consensus_take",""
"Without Tatum, this season is basically a punt for Boston, basically retool before Tatum comes back. Brown now has the fucking greenlight to shoot 25 times per game","consensus_take","","stat_search","accepted","consensus_take",""
"jrue went from championship->olympics->playoff run. i'd expect him to be a little better this year with rest. anfernee simons is worse, zero defense and worse shooting than pritchard at 3x the price. he's only there because his contract is expiring","consensus_take","","stat_search","accepted","consensus_take",""
"Get the size + shooting + rim protection in Porzingis, with limited downside since his contract ends shortly, and Terrance Mann's not so great contract is off the books? For 22 I'll take that all day man...","consensus_take","","stat_search","accepted","consensus_take",""
"Good luck with that. Amen again I agree is a good piece but until he can shoot and score at a higher level he's just a role player.","consensus_take","","stat_search","accepted","consensus_take",""
"I don't think Giannis would work with the team's trash 3pt shooting.","consensus_take","","stat_search","accepted","consensus_take",""
"His issue was always his defense. He's a decent rebounder, great hustle, and when he was shooting 40% from 3 he was great on offense, but he's been a traffic cone his whole career.","consensus_take","","stat_search","accepted","consensus_take",""
"Sure, they can shoot but it's mostly a collection of outside shooters who need the right conditions to sustain high percentages (open catch-and-shoot, etc.), and in the playoffs, those ideal conditions are harder to attain/maintain. I brought up the defense not to say that it will be figured out, just that for them to continue to dominate the league, it's more important the defense stays at an elite level than anything else.","consensus_take","","stat_search","accepted","consensus_take",""
"Porzingis barely plays though anyway. Also Simons is definitely a worse defender by a wide margin, but his shooting is exactly what Boston wants","consensus_take","","stat_search","accepted","consensus_take",""
"as a long time celtics fan don't worry about the bench. gonna spawn 2-3 white guys who shoot 40% from three that can hold up defensively but are nothing special","consensus_take","","stat_search","accepted","consensus_take",""
"Memphis got worse, Suns got worse, Mavs are basically Cooper Flagg and a bunch of Purple Hearts, and the Kings are the Kings. Portland was just 4 wins away from being a Play-in team. Y'all overrate the West's bottom tier so much, it's really only the Warriors, Clippers, and possibly the Spurs that's going to be gatekeeping the Playoffs","consensus_take","","take_search","accepted","consensus_take",""
"Is he really overrated? He's like a top 15 player.","consensus_take","","take_search","accepted","consensus_take",""
"Complete 180 on his perception. He's never being voted most overrated ever again","consensus_take","","take_search","accepted","consensus_take",""
"People overrated how bad of a contract was. Everyone was calling the Celtics deep 1-7 the entire year. Who else better than Jrue and Porzingis are available?","consensus_take","","take_search","accepted","consensus_take",""
"Tbh he had a not great moment that was heavily publicized. But the way his son handled it, how he handled it etc shows that he's an alright dude.","consensus_take","","take_search","accepted","consensus_take",""
"I love Dillon and it has nothing to with hating LeBron and everything to do with him getting hard scapegoated and being unnecessarily overrated. You might be right I dont have a clue, but speaking for myself I love Bron and Brooks","consensus_take","","take_search","accepted","consensus_take",""
"Not even close to the favorites. Was there people saying it? Yea, but the majority of people out there was calling OKC overrated and couldn't win without experience (or too young). We didn't become the favorites until we beat Denver. That's when everyone starting jumping on the bandwagon.","consensus_take","","take_search","accepted","consensus_take",""
"That's not how it was obviously. If he was most overrated and only got like 12 votes out of 90 then there is no way there were only 5 options. I think he just has some haters, particularly on the Bucks and probably the Knicks.","consensus_take","","take_search","accepted","consensus_take",""
"Acl injury is not serious. Kyrie's game is below the rim and he can shoot. What's the worries here?","consensus_take","","stat_search","accepted","consensus_take",""
"If we pay to get off PG13 Morey needs to be fired. PG didnt shoot well but he was pretty good on defense. Hes a positive on the court just not for $50m.","consensus_take","","stat_search","accepted","consensus_take",""
"The eastern conference is dumpster juice. Jaylen/White/Simons/PP can easily shoot their way to the 6th seed. They just need a serviceable big.","consensus_take","","stat_search","accepted","consensus_take",""
"Paid 40M to defend and pass much better than Jaylen. Wasn't Jaylen known to have shit shooting early in his career too lol","consensus_take","","stat_search","accepted","consensus_take",""
"KP is a killer. Enjoy him, man. That interior true shooting and interior rim protection is gonna turn Trae into an easy all star. He had an illness last year that I can't imagine he'll deal with again. I think he'll be healthier for you.","consensus_take","","stat_search","accepted","consensus_take",""
"He was on a bad team that allowed him to jack up 3s whenever he wanted. He doesn't do anything besides shoot, doesn't defend, doesn't provide for his team, literally just jacks up 3s. There is a reason why pelicans traded him.","consensus_take","","stat_search","accepted","consensus_take",""
"Most of us did not say that. He's an above average defender. He is big in terms of strength. He isn't slow. But we did feel a true lockdown perimeter defender could fit better. And the trade package was too good to turn down.","consensus_take","","stat_search","accepted","consensus_take",""
"Fewer max deals mean more for everyone else. Better pay structure for 2nd rounders. Increase in two way spots. Teams required to meet salary floor. It's better for the average player who, by the way, does not care at all about team building.","consensus_take","","stat_search","accepted","consensus_take",""
"of course, but kids play up in age groups all the time. They just made a decision that a senior year in high school wasn't really worth it for his future. If you have the talent to play at a level it doesn't matter your age.","consensus_take","","stat_search","accepted","consensus_take",""
"Giddey could be an all star if people just go based off his stats...wouldnt be surprised if he average 20+/8/8...","hot_take","HARD: has numbers but they are a speculative projection, not evidence. Decorative -> falls through","stat_search","accepted","hot_take",""
"All 4 times lmfao. Only argument can be made for Jokic in Nuggets series. But both box score and advanced stats favour SGA. Better defense than Jokic, less turnovers, and only had like 1 bad game whereas Jokic had at least 3 bad games out of 7.","hot_take","HARD: gestures at 'advanced stats' but cites no actual number. Decorative -> hot_take","take_search","accepted","hot_take",""
"Stop with Curry. Omfg put him on any other team without Klay and Dray, and any other coach and there is no Stef. Hes the best shooter. Fine. Hes also the most overrated player in this era","hot_take","","take_search","accepted","hot_take",""
"MJ was all defensive Shai is an overrated defender","hot_take","","take_search","accepted","hot_take",""
"Kobe Bryant is being overrated because he has the most erratic fanboys. He's lucky to have worked with Phil Jackson. Not many players have had that privilege","hot_take","","take_search","accepted","hot_take",""
"Brunson is easily more overrated than Haliburton ever has been lol","hot_take","","take_search","accepted","hot_take",""
"I think every guy OP mentioned as a ""crazy 8 man rotation"" in the playoffs would disappear in the playoffs. It's basically KD and a bunch of role players. Very good role players, but no other all stars to help KD. NBA fans think this team is the 2nd seed in the West and a championship contender?? No way. This is going to be the most overrated team ever. Probably a 50 win team that gets bounced in the first round easily.","hot_take","","take_search","accepted","hot_take",""
"The Thunder could easily match salaries by putting JDub and Hartenstein and crazy amount of picks. The Rockets could offer Amen, Sengun and an amount of picks that would blow any Magic offer out of the water. I am a big Franz fan but you're overrating him because you're a homer","hot_take","","take_search","accepted","hot_take",""
"That Mavericks team won 57 games and was amazing in the postseason. That Heat roster played excellent team defense and the Thunder's vaunted depth regularly couldn't score this postseason. Ya'll overrate modern role players. The Heat roleplayers did their jobs really well (and Spo is an amazing coach) and LeBron/Wade still destroy SGA/JDub (and Bosh would crush Chet and it wouldn't be close).","hot_take","","take_search","accepted","hot_take",""
"It wasn't 14% of his colleagues is the point. They might as well have sent out an email that said, ""How many of you will anonymously say that Haliburton is overrated so that we can publish that as news?""","hot_take","","take_search","accepted","hot_take",""
"No, I'm good. I was old enough to remember us bitch slapping him 3 times. The good part is, your team's hopes and dreams are dead for next season. And if somehow they're not, it proves my point about Haliburton being overrated. Win/win for me.","hot_take","","take_search","accepted","hot_take",""
"SAS more concerned that media ""himself"" didn't get lumped into the ridiculous overrated poll.","hot_take","","take_search","accepted","hot_take",""
"Ah yes, known playoff riser Tracy McGrady who never got out of the first round (0-8) until he become a bench player for the spurs is totally gonna out perform Kobe in the playoffs and turn losses into wins LOL. Not to mention the fact that TMac isn't even half the defender that young Kobe was. Either Kobe is being underrated right now or TMac's ability in the playoffs is being seriously overrated","hot_take","HARD: '(0-8)' is a real stat but the comment is a dunk, not an argument. Decorative","take_search","accepted","hot_take",""
"So just excuses? He's not good enough at age 30 but he will be at age 32, 33 lol.","hot_take","","playoffs_general","accepted","hot_take",""
"Not only are you responding to a Lakers fan, that is absolutely the case. You think LeBron and these organizations don't know/plan around advantages such as getting a key player suspended? Channing Frye literally admitted it.","hot_take","","playoffs_general","accepted","hot_take",""
"Naw. Cavs were the better team cuz they had Adam Silver on their side.","hot_take","","playoffs_general","accepted","hot_take",""
"Because small markets are beating the lakers, warriors, sixers, and mavs so those fans are pissed.","hot_take","","playoffs_general","accepted","hot_take",""
"You think the team that beat the KD Warriors will go on to lose to by far the worst of those Cavs team?","hot_take","","playoffs_general","accepted","hot_take",""
"Indiana blows the ever loving shit out of them lmao. Prepare yourself for a bit of honest contrast there my friend and best hope okc ain't down 2 by then lol. Okc arena would have you believe falling upon the floor literally untouched is a reason to ensure the integrity of their pacemakers intact. Arena noise and atmosphere there is baby shower levels of ho hum lmao. A lot of these illusory walls about to crumble down into rumble for you my friend.","hot_take","","playoffs_general","accepted","hot_take",""
"OKC fans are less biased than this crew.","hot_take","","finals_g1_live","accepted","hot_take",""
"Kyrie and AD on the same team together would be insane. So good that it surely would always be worth the assets traded to put them together!","hot_take","sarcasm; the sincere reading is the opposite of the literal one","finals_g1_live","accepted","hot_take",""
"This boy is on steroids, he got a head like Barry Bonds.","hot_take","","finals_g1_live","accepted","hot_take",""
"Any OKC championship is based entirely on the refs, so I can't blame them for taking this win when they can. I see where you are coming from though, it certainly was a hollow win, and an overall loss for the sport.","hot_take","","finals_g7_aftermath","accepted","hot_take",""
"I know but fuck outta here. It's no historic run.","hot_take","","finals_g7_aftermath","accepted","hot_take",""
"How is trading away Jalen Green considered ""pennies""?","hot_take","","finals_g7_aftermath","accepted","hot_take",""
"We get punked by the nuggets without them.","hot_take","","finals_g7_aftermath","accepted","hot_take",""
"Yeah, it's why MJ truly won 8 championships in a row. The Rockets knew their wins while Michael was playing baseball were fraudulent and conceded their championships like true competitors","hot_take","sarcastic, but the sincere position underneath is contrarian","finals_g7_aftermath","accepted","hot_take",""
"Not true, because the Knicks and Pacers should have both let the Celtics and Bucks win because their star players got injured.","hot_take","","finals_g7_aftermath","accepted","hot_take",""
"Surely they trade him to the Lakers or Suns for an asset that works better with their core.","hot_take","","finals_g7_aftermath","accepted","hot_take",""
"It was more like Clippers caved in to the demands to get Kawhi.","hot_take","","finals_g7_aftermath","accepted","hot_take",""
"We can go for sexton without touching PJ","hot_take","","finals_g7_aftermath","accepted","hot_take",""
"Nope. Means we going sexton. We bring everyone back","hot_take","","finals_g7_aftermath","accepted","hot_take",""
"OKC blew the playin final. They are definitely blowing this one too","hot_take","","finals_g7_live","accepted","hot_take",""
"Don't talk about whoever is possessing Myles Turner to play as terribly as he has the past 6 games","hot_take","","finals_g7_live","accepted","hot_take",""
"Siakam and Haliburton are lowkey playing like LeBron and Kyrie this series lol","hot_take","","finals_g7_live","accepted","hot_take",""
"Pacers needa do this for the culture man. OKC are the corniest team in the league, can't stand SGA and JW.","hot_take","","finals_g7_live","accepted","hot_take",""
"That's just a couple Full McConnells every game. 3 pointer, steal the inbound, make a layup","hot_take","","finals_g7_live","accepted","hot_take",""
"All the ones starting with the 2019 Raptors are real. The rest don't count. KD Warriors were overpowered 2017 & 2018. 2016 and earlier = teams still using braindead outdated basketball strategy, no one could shoot, players could easily play 82 games because there was no intensity","hot_take","","stat_search","accepted","hot_take",""
"You can put an asterisk on any title and it doesn't even have to make sense or be particularly logical. 2025 - Barley beat an injured Nuggets and Pacers with Haliburton tearing his Achilles in Game 7. 2024 - Every team faced had a starting player out or play through injury namely Butler, Mitchell, Haliburton, and Luka. 2023 - Faced 0 50 win teams and 3 play in teams.","hot_take","","stat_search","accepted","hot_take",""
"Aww look at the baby back bitch cry after talking shit and can't take it. There is no asterisk, Haliburton would have disappeared like he did pretty much all series. Imagine your ""star"" having a 6 point game in the NBA finals lmao. Y'all salty because you haven't won a championship in the 60 years of your existence.","hot_take","HARD: '6 point game' is a real number used purely as an insult. Decorative -> hot_take","stat_search","accepted","hot_take",""
"Just send him to the Lakers. They get a still above average defender to cover for Luka, and he can just stand in the corner and hit 3's at league average (at worst) or slightly above.","hot_take","","stat_search","accepted","hot_take",""
"I'm in the minority but I'll pass. Give me the third pick and hope PGs shooting was off bc his finger was jacked. He actually played well on D","hot_take","self-identifies as contrarian","stat_search","accepted","hot_take",""
"Do we want to tank this year or shoot for a 7th seed so we can give the Knicks a heart attack in the first round?","hot_take","","stat_search","accepted","hot_take",""
"Boston is going to shoot so many 3s!","hot_take","","stat_search","accepted","hot_take",""
"Time to send CJ to Phx for Oso, Oneal, Dunn, Nick and Cody. Phoenix Shooting Guard complete.","hot_take","","stat_search","accepted","hot_take",""
"Forrest Gump would average 60/50/100 because coach just told him to put the ball in the basket","hot_take","HARD: numbers present but obviously a joke. Decorative -> falls through","stat_search","accepted","hot_take",""
"I just sold a rookie patch auto of Bub for $40 so yeah he's basically going to average 20/11 on 60% shooting next year.","hot_take","sarcastic; numbers are the punchline, not evidence","stat_search","accepted","hot_take",""
"It's a position issue. Jokic would kick out a high level starter in IHart and put in Cason Wallace. Cason is a hood player, but he can't run an offense. It'd be Jokic and a group of league average open shot players who can't create for themselves outside of JDub. Still a good team, but not better than they were.","hot_take","","stat_search","accepted","hot_take",""
"Durant wasn't good on defense until a few years later tbh so none of them were really that great defensively. Westbrook was undisciplined, harden was a cone, and Durant was an average defender. The current big 3 is older than that big 3 which helps a lot.","hot_take","","stat_search","accepted","hot_take",""
"I feel like the average on the sub is around 16 bro. They eat up every non sense rumor like it's. Dudes writing think peices on the most ridiculous stuff","hot_take","","stat_search","accepted","hot_take",""
"Interior defense is far more impactful than perimeter defense. I doubt it. Pippen wasn't an elite offensive player. If you remove his defensive abilities, I doubt he'd be an all-star.","hot_take","","stat_search","accepted","hot_take",""
"Maybe I'm crazy but I feel like they're still solid if they run out the guys they currently have signed? Obviously being an average team is pretty far below what they've been doing but I wouldn't call it rough either.","hot_take","","stat_search","accepted","hot_take",""
"NBA fans get confused when it comes draft time. This isn't the NFL. Moving up is expensive, outside of the top 5 is even more a crap shoot","hot_take","","stat_search","accepted","hot_take",""
"Let's go!!!!!","reaction","","finals_g7_live","accepted","reaction",""
"imgonnathrowupimgonnathrowup","reaction","","finals_g7_live","accepted","reaction",""
"From a pacers fan to okc fans..let's fucking go! It's just us here now. This is THE game.","reaction","","finals_g7_live","accepted","reaction",""
"Here we go!","reaction","","finals_g7_live","accepted","reaction",""
"Okay let's go OKC! Finish this!","reaction","","finals_g7_live","accepted","reaction",""
"Why am I tearing up and shaking right now. Tf is wrong with me","reaction","","finals_g7_live","accepted","reaction",""
"I have 100% belief.","reaction","HARD: contains '100%' but it is an idiom, not a statistic. Strip test leaves no claim","finals_g7_live","accepted","reaction",""
"The final day of the NBA season is here. As a neutral, just give me great a basketball game","reaction","","finals_g7_live","accepted","reaction",""
"Who we taking guys? I think pacers might do it now.","reaction","","finals_g7_live","accepted","reaction",""
"I love Tony","reaction","","finals_g7_live","accepted","reaction",""
"Crowd reaction was like ""Whoa! WHOA!"" and ""No! NO!"" at various levels.","reaction","","finals_g7_live","accepted","reaction",""
"Alright folks. I'm going to have to go in for mental health treatment if I have to watch the SAS and Perk experience. When does tip-off actually happen?","reaction","","finals_g7_live","accepted","reaction",""
"I see your reverse jinx. Thanks to you, OKC will win tonight","reaction","","finals_g7_live","accepted","reaction",""
"A prayer? Lmao","reaction","","finals_g7_live","accepted","reaction",""
"Now the pre game prayer","reaction","","finals_g7_live","accepted","reaction",""
"Yeah cut from the prayer, fuck that","reaction","","finals_g7_live","accepted","reaction",""
"Wizards RKO outta nowhere and take it","reaction","","finals_g7_live","accepted","reaction",""
"All 8 million Washingtonians are behind you, Indiana","reaction","","finals_g7_live","accepted","reaction",""
"Riverside legend Reggie Miller","reaction","","finals_g7_live","accepted","reaction",""
"Hartenstein going around Africa telling people he's black would be a TV show i wanna watch. Especially if he's accompanied by Conan","reaction","","finals_g7_live","accepted","reaction",""
"Goog luck fellas, been watching the Thunder for 14 years now in Europe hoping for a chip. Currently 1 am here, may the best team win.","reaction","","finals_g7_live","accepted","reaction",""
"OT game. 110-110 end of regulation. I'm calling it now","reaction","HARD: a numeric prediction, not evidence. Strip test leaves a guess, not a claim","finals_g7_live","accepted","reaction",""
"Thee officiating should be up to the highest standards and hope they put a really good show for us audience.","reaction","","finals_g7_live","accepted","reaction",""
"Tremendously awful take","reaction","","playoffs_general","accepted","reaction",""
"amazing hali","reaction","","playoffs_general","accepted","reaction",""
"soon to be goat","reaction","","playoffs_general","accepted","reaction",""
"There's been 100 other posts whining about foul calls already.","reaction","","playoffs_general","accepted","reaction",""
"1st team - All ""that boy nice"" team","reaction","","playoffs_general","accepted","reaction",""
"Naz is going to shoot 12/11 from 3. How is that even possible, you ask? Naz Reid. That's how.","reaction","HARD: numbers present but it is a meme, not an argument","playoffs_general","accepted","reaction",""
"Hope all the OKC fans put AirTags on their mobile homes tonight","reaction","","finals_g1_live","accepted","reaction",""
"Whole thing is grimy as hell","reaction","","finals_g1_live","accepted","reaction",""
"Jesus Christ this is un-listen-to-able.","reaction","","finals_g1_live","accepted","reaction",""
"As a Spurs hater I'd love to see It. As a fan of basketball that would be a fucking tragedy","reaction","","finals_g1_live","accepted","reaction",""
"I legit muted the tv and my girlfriend went ""thank god""","reaction","","finals_g1_live","accepted","reaction",""
"Tornado saves us from ESPN","reaction","","finals_g1_live","accepted","reaction",""
"Jesus this is insufferable commentary","reaction","","finals_g1_live","accepted","reaction",""
"Why are they yelling? I miss the TNT crew.","reaction","","finals_g1_live","accepted","reaction",""
"Fuckkkkkkkk this espn opening game crew dear lord they're unbearable","reaction","","finals_g1_live","accepted","reaction",""
"why the hell is he screaming?","reaction","","finals_g1_live","accepted","reaction",""
"Gotta go Perk. All time bozo","reaction","","finals_g1_live","accepted","reaction",""
"Coming for Windhorst's throne","reaction","","finals_g1_live","accepted","reaction",""
"he aint called Big and Perky for no reason.","reaction","","finals_g1_live","accepted","reaction",""
"My god, could nobody get the sarcasm? I hate the ""/s""","reaction","","finals_g1_live","accepted","reaction",""
"How could the refs do this!","reaction","","finals_g7_aftermath","accepted","reaction",""
"legit lol and upvote, I appreciate this honest reflection","reaction","","finals_g7_aftermath","accepted","reaction",""
"ESPN: But how does this affect Lebron and the Lakers tho","reaction","","finals_g7_aftermath","accepted","reaction",""
"I would say something but reddit would warn me for some reason","reaction","","finals_g7_aftermath","accepted","reaction",""
"They just smoke pot instead. Idk about the rest of the thunder roster but I would put my entire net worth and first born child on chet being an avid smoker","reaction","","finals_g7_aftermath","accepted","reaction",""
"No idea why you are being downvoted. Pretty much all of these plays result in him throwing himself to the ground today.","reaction","","finals_g7_aftermath","accepted","reaction",""
"lol. No. Injuries happen. Do I feel bad about Hali, yes. Do I let it affect me or my team's championship? FUCK NO. .5/10 bait","reaction","","finals_g7_aftermath","accepted","reaction",""
"Yeah i did some digging it was called the greatest tragedy in sports, there is like a short version still on YouTube, but the rest got completely scrubbed. A real shame.","reaction","","finals_g7_aftermath","accepted","reaction",""
"And shoot. And defend. And ignore strip clubs when visiting Portland.","reaction","","stat_search","accepted","reaction",""
"lol sending Bogi back to the Hawks?","reaction","","playoffs_general","accepted","reaction",""
"Getting stunted on by a regular size Chinese dude is hilarious","reaction","","playoffs_general","accepted","reaction",""
"People take sports way too seriously. The man is going to work somewhere else.","reaction","","finals_g7_live","accepted","reaction",""
"Wow, talk about easy decisions on saving $150M. None of those guys are worth the associated amounts.","reaction","","finals_g7_live","accepted","reaction",""
"Probably the most absurd part of Flagg's Duke season is that he led Duke, arguably the most talented team in the country, in every single box score stat. He had the most points, rebounds, assists, blocks, and steals per game on the team.","stat_backed","","stat_search","accepted","stat_backed",""
"47th in points, 115th in rebounds, 142nd in assists, 124th in fg%.","stat_backed","","stat_search","accepted","stat_backed",""
"He wasn't consistent, but I mean...he set an nba record for most blocked shots in Game 7 and led both teams in the series in rebounds and blocks in a year that he broke his hip...","stat_backed","","stat_search","accepted","stat_backed",""
"Love lost a lot of his rebounding super power, but he was a great third banana in Cleveland and I'd argue not a meaningfully worse player. Averaged 19 and 11 his second year there without ever being the focal point of the offense. He also had a 10% drop in free throw rate and the same uptick in 3-point rate from his Minny days because he was standing in the corner instead on using his heft to back guys down.","stat_backed","","stat_search","accepted","stat_backed",""
"Bane's an equivalent scorer, but he's younger, a better defender, a better rebounder, makes less money, and does not have a NTC. Beal's not the worst player in the league; he's the worst contract in the league. If he made $30 million a year, he'd be fine. That extra $20 million a year represents another piece or multiple rotation guys that Phoenix can't have.","stat_backed","","stat_search","accepted","stat_backed",""
"He was BY FAR the most efficient scorer on the team, so he went for 50 a night. Is he supposed to get fewer than 25 rebounds? Bill Russell was a team first guy in large part because he couldn't get 20PPG - kind of forgotten that he only shot 56% from the line.","stat_backed","","stat_search","accepted","stat_backed",""
"A stat for the Bub heads... I looked at rookies, 21 and under, since 2000 who had >4 assists and <2 TO (Bub averaged 4.4/1.7 fwiw). It's a very solid list of players: Tony Parker (19), Haliburton (20), Deron Williams (21), Mike Conley (20), Trey Burke (21), Kemba Walker (21), and Bub (19).","stat_backed","","stat_search","accepted","stat_backed",""
"Fun fact: He had 8 points and 8 assists against the Sixers on March 12 in a 118-105 win","stat_backed","","stat_search","accepted","stat_backed",""
"All in the last month of the season, all the starters rested and the bench still won the games. 10/11/11 vs the Blazers, 19/17/11 vs the Sixers, 15/11/10 vs the Jazz. So all against lottery/actively tanking teams, but they ran the offense through him at the high post and he kept finding guys for open 3's to get the assists. The Thunder had 25, 36, and 41 assists in those games.","stat_backed","","stat_search","accepted","stat_backed",""
"Yeah no as a freshman he was SEC all freshman and led the league in steals per game and as a sophomore was second team all SEC and led the league in assists per game. Just wasn't much of a scorer which he still wasn't in the NBA either","stat_backed","","stat_search","accepted","stat_backed",""
"If instead of 33/7/7, it was McGrady's 27/7/4 (his average for that season), suddenly you're missing 6 points & 3 assists while having a worst defender; that type of production difference can swing a what should have been a dominant win into a loss.","stat_backed","","stat_search","accepted","stat_backed",""
"""In March of 1993 Jordan shot 53% while averaging 8 assists per game, which I bet you didn't even know because you've never actually watched him play. I don't care how long he plays for, LeBron hasn't done that in 22 Marches and he wouldn't do it if he had 50.""","stat_backed","HARD: openly hostile framing, but delete the March 1993 line and the whole comparison collapses -> load-bearing","stat_search","accepted","stat_backed",""
"Fans ALWAYS over-exaggerate how good role players are. Cason Wallace is an amazing example of this: He average 6 points and 1 assists per game in the finals. Yet here you are 'he's such a winning player'. First 3 games: 27mpg, 3 starts, 1-2. Last 4 games: 19mpg, 0 starts, 3-1.","stat_backed","","stat_search","accepted","stat_backed",""
"Nash suns were highly flawed. Their offense was potent as anything, but they couldn't defend a team of 5 year olds.","consensus_take","","stat_search","accepted","consensus_take",""
"Bane's five years younger, a better rebounder and playmaker. But the biggest difference is that he's a plus on D whereas Beal a minus.","consensus_take","","stat_search","accepted","consensus_take",""
"He didn't lose his rebounding super power because he got leaner. He lost it because he was pushed into being more of a spacing specialist while Minnesota had him crash the boards constantly. He also started playing a lot more C which meant he had less of a strength advantage over the guy he was boxing out.","consensus_take","","stat_search","accepted","consensus_take",""
"I dunno man, it's kind of silly that anyone would look at a game like this any differently because of having 10 assists vs 9. This obsession with triple doubles being superior doesn't really make any sense. Yes bigger number better sure. But like 50/13/9 is a way better game than say 40/10/10","consensus_take","HARD: numbers everywhere, but they are illustrations of a principle, not evidence for a claim -> decorative","stat_search","accepted","consensus_take",""
"LeBron is not the all time leader in assists. My point is, if being the all time leader in points elevated his career to another level, well being the the all time leader in turnovers should affect his career as well. Strangely almost nobody talks about that record","hot_take","","stat_search","accepted","hot_take",""
"You're right. it's not close. SGA didn't average more turnovers than assists","hot_take","","stat_search","accepted","hot_take",""
"Maluach is too raw to contribute. He's at least 2 years away from getting meaningful rotation minutes. Does nothing outside of rim running and lobs. Rebounding isn't great either. He's really just a defensive guy and his block numbers aren't amazing either.","hot_take","","stat_search","accepted","hot_take",""
"Damn, imagine every player on Indiana getting out rebounded / blocked by a dude that's not even locked in. Embarrassing","reaction","","stat_search","accepted","reaction",""
"The Round Mounjaro of Rebound","reaction","","stat_search","accepted","reaction",""
"Hey man, Melo wasn't washed. How would he be able to yell really obnoxiously and make a scene when grabbing the most routine rebounds if he was washed?","reaction","","stat_search","accepted","reaction",""
